title,author,genre,price,quantity
The Alchemist,Paulo Coelho,Fiction,299.0,12
Atomic Habits,James Clear,Self-Help,450.0,18
Rich Dad Poor Dad,Robert Kiyosaki,Finance,350.0,14
Wings of Fire,A.P.J. Abdul Kalam,Biography,280.0,10
The Psychology of Money,Morgan Housel,Finance,399.0,16
Ikigai,Hector Garcia,Self-Help,320.0,11
Harry Potter and the Philosopher's Stone,J.K. Rowling,Fantasy,499.0,8
The Hobbit,J.R.R. Tolkien,Fantasy,425.0,9
Pride and Prejudice,Jane Austen,Classic,250.0,7
To Kill a Mockingbird,Harper Lee,Classic,310.0,6
Think and Grow Rich,Napoleon Hill,Finance,275.0,13
The 5 AM Club,Robin Sharma,Self-Help,375.0,10
Sapiens,Yuval Noah Harari,History,550.0,5
A Brief History of Time,Stephen Hawking,Science,399.0,4
The Jungle Book,Rudyard Kipling,Adventure,220.0,15
