date,title,quantity_sold,total_revenue
2026-01-05,Python Basics,3,1050.0
2026-01-12,Data Science with Python,2,1100.0
2026-01-20,Learn NumPy,4,1600.0
2026-02-03,Machine Learning Intro,2,1300.0
2026-02-11,Pandas for Beginners,3,1350.0
2026-02-19,SQL Made Easy,5,1500.0
2026-03-02,Python Basics,4,1400.0
2026-03-10,Artificial Intelligence,1,700.0
2026-03-18,Web Development Basics,2,1000.0
2026-04-04,Data Science with Python,3,1650.0
2026-04-15,Deep Learning Guide,1,800.0
2026-04-22,Statistics for Data,2,960.0
2026-05-06,Learn NumPy,3,1200.0
2026-05-17,Machine Learning Intro,2,1300.0
2026-05-25,SQL Made Easy,4,1200.0
2026-06-08,Python Basics,2,700.0
2026-06-14,Pandas for Beginners,2,900.0
2026-06-27,Artificial Intelligence,2,1400.0
